sample_id,lon,lat,elevation,system,observed_age,sigma,reference,exhumation_rate_km_per_myr
LM225,103.59,31.38,2305.0,ZHe,15.0,0.4,"(Godard et al., 2009)",0.53
LM226,103.59,31.38,2305.0,ZHe,23.2,0.7,"(Godard et al., 2009)",0.34
LM227,103.6,31.38,2246.0,ZHe,26.3,3.4,"(Godard et al., 2009)",0.29
LM229,103.58,31.42,2240.0,ZHe,22.2,4.2,"(Godard et al., 2009)",0.34
LM256,103.49,31.44,2625.0,ZHe,12.4,1.9,"(Godard et al., 2009)",0.61
W1425,103.53,31.41,1802.0,ZHe,9.1,1.1,"(Godard et al., 2009)",0.76
W1848,103.5,31.44,3115.0,ZHe,7.4,1.3,"(Godard et al., 2009)",0.93
W2093,103.5,31.44,3115.0,ZHe,8.6,0.3,"(Godard et al., 2009)",0.83
W2130,103.5,31.44,3115.0,ZHe,11.1,0.5,"(Godard et al., 2009)",0.48
SC064,103.86,31.36,2654.0,ZHe,19.8,0.8,"(Godard et al., 2009)",0.38
SC074,103.54,31.2,2293.0,ZHe,20.6,0.9,"(Godard et al., 2009)",0.37
SC079,103.52,31.2,2248.0,ZHe,5.9,4.1,"(Godard et al., 2009)",1.07
SC081,103.5,31.21,1846.0,ZHe,9.9,0.4,"(Godard et al., 2009)",0.69
LM195,103.75,31.33,2458.0,ZHe,11.6,0.5,"(Godard et al., 2009)",0.58
LM231,103.52,31.39,1586.0,ZHe,10.1,0.4,"(Godard et al., 2009)",0.68
LM234,103.49,31.24,1165.0,ZHe,17.0,0.7,"(Godard et al., 2009)",0.43
LM235,103.48,31.11,1761.0,ZHe,18.6,0.8,"(Godard et al., 2009)",0.39
SC083,103.33,31.07,2454.0,ZHe,12.5,0.5,"(Godard et al., 2009)",0.56
SC084,103.36,31.06,2298.0,ZHe,6.3,0.3,"(Godard et al., 2009)",1.02
SC085,103.47,31.07,1658.0,ZHe,60.7,2.5,"(Godard et al., 2009)",0.12
LM198,103.85,31.13,822.0,ZHe,193.9,7.8,"(Godard et al., 2009)",0.04
LM208,104.03,31.35,1097.0,ZHe,228.7,9.2,"(Godard et al., 2009)",0.03
LM213,103.58,31.03,1141.0,ZHe,466.1,18.7,"(Godard et al., 2009)",0.02
LMW-01,103.64,31.38,3901.0,ZHe,51.5,1.7,"(E. Wang et al., 2012)",0.17
LMW-03,103.64,31.4,3161.0,ZHe,51.7,1.0,"(E. Wang et al., 2012)",0.17
LMW-05,103.65,31.41,2553.0,ZHe,44.7,6.1,"(E. Wang et al., 2012)",0.19
LME-09,103.65,31.29,3240.0,ZHe,38.0,0.7,"(E. Wang et al., 2012)",0.21
LME-11,103.65,31.29,3240.0,ZHe,33.5,0.9,"(E. Wang et al., 2012)",0.23
LMW-07,103.66,31.43,2171.0,ZHe,25.5,5.3,"(E. Wang et al., 2012)",0.28
LME-15,103.66,31.28,2300.0,ZHe,48.2,0.7,"(E. Wang et al., 2012)",0.16
LME-17,103.65,31.23,1623.0,ZHe,49.6,0.9,"(E. Wang et al., 2012)",0.15
LME-18,103.64,31.22,1718.0,ZHe,42.0,3.5,"(E. Wang et al., 2012)",0.18
LME-20,103.67,31.16,1793.0,ZHe,109.0,7.0,"(E. Wang et al., 2012)",0.07
HKT15,103.17,31.02,2386.0,AFT,4.9,0.5,"(Wilson and Fowler, 2011)",0.77
LM01,103.72,31.35,2325.0,AFT,154.0,6.5,"(Wilson and Fowler, 2011)",0.03
LM03,103.49,31.14,1034.0,AFT,4.0,1.8,"(Wilson and Fowler, 2011)",0.85
LM04,103.49,31.2,1190.0,AFT,8.9,1.3,"(Wilson and Fowler, 2011)",0.43
LM07,103.45,31.07,2114.0,AFT,4.9,0.3,"(Wilson and Fowler, 2011)",0.75
LMW-01,103.64,31.38,3901.0,AFT,56.5,19.8,"(E. Wang et al., 2012)",0.09
LMW-02,103.64,31.39,3585.0,AFT,27.6,8.1,"(E. Wang et al., 2012)",0.19
LMW-06,103.65,31.42,2094.0,AFT,17.8,10.6,"(E. Wang et al., 2012)",0.28
LMW-07,103.66,31.43,2171.0,AFT,27.2,8.7,"(E. Wang et al., 2012)",0.14
LMW-08,103.65,31.44,1857.0,AFT,19.9,4.2,"(E. Wang et al., 2012)",0.19
LME-09,103.65,31.29,3240.0,AFT,27.0,4.1,"(E. Wang et al., 2012)",0.19
LME-11,103.65,31.29,3240.0,AFT,19.8,3.0,"(E. Wang et al., 2012)",0.25
LME-13,103.65,31.29,3240.0,AFT,23.5,2.8,"(E. Wang et al., 2012)",0.19
LME-14,103.66,31.28,2300.0,AFT,18.4,3.1,"(E. Wang et al., 2012)",0.24
LME-15,103.66,31.28,2300.0,AFT,17.3,2.7,"(E. Wang et al., 2012)",0.24
LME-16,103.65,31.27,2579.0,AFT,21.3,5.7,"(E. Wang et al., 2012)",0.19
LME-17,103.65,31.23,1623.0,AFT,23.0,2.8,"(E. Wang et al., 2012)",0.18
LME-19,103.66,31.17,1201.0,AFT,15.1,2.7,"(E. Wang et al., 2012)",0.29
LME-20,103.67,31.16,1793.0,AFT,15.0,2.2,"(E. Wang et al., 2012)",0.29
W1425,103.53,31.41,1802.0,AHe,2.7,0.1,"(Godard et al., 2009)",0.62
W1848,103.5,31.44,3115.0,AHe,2.3,0.1,"(Godard et al., 2009)",0.79
W2093,103.5,31.44,3115.0,AHe,2.3,0.1,"(Godard et al., 2009)",0.83
SC062,103.9,31.35,1741.0,AHe,4.8,0.2,"(Godard et al., 2009)",0.45
SC065,103.85,31.36,3083.0,AHe,4.6,0.2,"(Godard et al., 2009)",0.39
LMW-01,103.64,31.38,3901.0,AHe,22.6,0.4,"(E. Wang et al., 2012)",0.13
LMW-02,103.64,31.39,3585.0,AHe,0.8,0.6,"(E. Wang et al., 2012)",2.8
LMW-06,103.65,31.42,2094.0,AHe,20.9,1.1,"(E. Wang et al., 2012)",0.12
LMW-07,103.66,31.43,2171.0,AHe,10.9,0.3,"(E. Wang et al., 2012)",0.13
LMW-08,103.65,31.44,1857.0,AHe,8.5,0.6,"(E. Wang et al., 2012)",0.16
LME-09,103.65,31.29,3240.0,AHe,7.1,1.1,"(E. Wang et al., 2012)",0.41
LME-11,103.65,31.29,3240.0,AHe,2.9,0.2,"(E. Wang et al., 2012)",0.84
LME-13,103.65,31.29,3240.0,AHe,4.9,0.7,"(E. Wang et al., 2012)",0.44
LME-14,103.66,31.28,2300.0,AHe,10.1,0.6,"(E. Wang et al., 2012)",0.2
LME-15,103.66,31.28,2300.0,AHe,7.7,1.9,"(E. Wang et al., 2012)",0.24
LME-16,103.65,31.27,2579.0,AHe,2.1,0.2,"(E. Wang et al., 2012)",0.72
LME-17,103.65,31.23,1623.0,AHe,2.5,0.1,"(E. Wang et al., 2012)",0.66
LME-18,103.64,31.22,1718.0,AHe,2.9,0.4,"(E. Wang et al., 2012)",0.59
LME-19,103.66,31.17,1201.0,AHe,4.7,0.4,"(E. Wang et al., 2012)",0.42
LME-20,103.67,31.16,1793.0,AHe,4.1,0.3,"(E. Wang et al., 2012)",0.49
LMW-01,103.64,31.38,3901.0,ZFT,242.4,19.7,"(E. Wang et al., 2012)",0.07
LMW-05,103.65,31.41,2553.0,ZFT,297.1,15.6,"(E. Wang et al., 2012)",0.06
LMW-07,103.66,31.43,2171.0,ZFT,174.6,10.8,"(E. Wang et al., 2012)",0.09
LME-11,103.65,31.29,3240.0,ZFT,263.1,17.6,"(E. Wang et al., 2012)",0.07
LME-17,103.65,31.23,1623.0,ZFT,194.8,13.2,"(E. Wang et al., 2012)",0.09
LME-18,103.64,31.22,1718.0,ZFT,197.0,23.4,"(E. Wang et al., 2012)",0.09
LME-20,103.67,31.16,1793.0,ZFT,369.6,21.4,"(E. Wang et al., 2012)",0.05
